id_municipio,risco_observado,risco_previsto,codigo_uf,regiao,meta_alfabetizacao_2025,taxa_alfabetizacao_anterior,n_estudantes_teste,taxa_alfabetizacao_prevista,risco_ic95_inferior,risco_ic95_superior,deficit_para_meta_pp,amostra_suficiente,nome_municipio
2930105,0.7758620689655172,0.813327987425385,29,Nordeste,35.5,19.93,58,18.667201257461496,0.7130479383101481,0.913608036540622,16.832798742538504,True,Senhor do Bonfim
2924009,0.6767676767676768,0.8062530446785805,29,Nordeste,40.21,24.79,99,19.37469553214195,0.7283971318291248,0.8841089575280362,20.83530446785805,True,Paulo Afonso
2924405,0.775,0.7961608135992441,29,Nordeste,39.38,23.9,40,20.383918640075592,0.6713160551599329,0.9210055720385553,18.99608135992441,True,Pilão Arcado
2411205,0.5526315789473685,0.7837160702926632,24,Nordeste,36.93,21.35,38,21.628392970733678,0.6528112089475409,0.9146209316377856,15.301607029266322,True,Santa Cruz
2926004,0.5277777777777778,0.7787108567218097,29,Nordeste,40.5,25.1,36,22.128914327819025,0.6431067040015084,0.9143150094421111,18.371085672180975,True,Remanso
2907103,0.6829268292682927,0.7727197422917084,29,Nordeste,43.56,28.55,41,22.728025770829163,0.6444406129303013,0.9009988716531154,20.83197422917084,True,Carinhanha
2407104,0.7068965517241379,0.7621808374229887,24,Nordeste,44.07,29.15,58,23.78191625770113,0.6526101187595742,0.8717515560864032,20.28808374229887,True,Macaíba
2925501,0.8387096774193549,0.746686536854586,29,Nordeste,48.75,34.88,31,25.331346314541403,0.5935871254508515,0.8997859482583205,23.418653685458597,True,Prado
1303536,0.6170212765957447,0.7466534458232196,13,Norte,48.19,34.17,47,25.334655417678043,0.6223096330390407,0.8709972586073984,22.855344582321955,True,Presidente Figueiredo
4314902,0.7661290322580645,0.7404087729740685,43,Sul,,40.04,248,25.959122702593152,0.6858441681093335,0.7949733778388035,,True,Porto Alegre
1500701,0.5757575757575758,0.7360776224786829,15,Norte,42.04,26.81,33,26.39223775213171,0.5856945283044491,0.8864607166529167,15.64776224786829,True,Anajás
1507003,0.5757575757575758,0.7334051401638704,15,Norte,41.06,25.72,33,26.659485983612964,0.5825371996212368,0.8842730807065039,14.400514016387039,True,Santo Antônio do Tauá
1600501,0.8478260869565217,0.7275501238966499,16,Norte,41.39,26.09,46,27.244987610335013,0.5988876426769603,0.8562126051163395,14.145012389664988,True,Oiapoque
2926608,0.5531914893617021,0.7272750127853176,29,Nordeste,48.37,34.39,47,27.272498721468242,0.5999484718712813,0.8546015536993539,21.097501278531755,True,Ribeira do Pombal
2933208,0.5,0.7206360229776462,29,Nordeste,52.02,39.14,36,27.936397702235382,0.5740650377300085,0.8672070082252838,24.08360229776462,True,Vera Cruz
1505304,0.7,0.7186404151152009,15,Norte,48.47,34.52,70,28.135958488479908,0.61330031484926,0.8239805153811419,20.33404151152009,True,Oriximiná
4315602,0.48623853211009177,0.7121488819971163,43,Sul,62.61,54.17,109,28.785111800288366,0.6271502020433243,0.7971475619509084,33.82488819971164,True,Rio Grande
4321600,0.627906976744186,0.7104382852286014,43,Sul,62.76,54.39,43,28.956171477139858,0.574870783711396,0.8460057867458068,33.803828522860144,True,Tramandaí
2925105,0.4594594594594595,0.700980888239836,29,Nordeste,55.58,44.01,37,29.901911176016405,0.5534585553697103,0.8485032211099616,25.678088823983593,True,Poções
5005202,0.6129032258064516,0.6987851616365455,50,Centro-Oeste,40.56,25.17,31,30.121483836345455,0.5372804328866747,0.8602898903864162,10.438516163654548,True,Ladário
2930709,0.5094339622641509,0.6962715480359505,29,Nordeste,54.58,42.62,106,30.372845196404953,0.6087257710624729,0.783817325009428,24.207154803595046,True,Simões Filho
2914604,0.4745762711864407,0.6957732147820156,29,Nordeste,54.14,42.02,59,30.422678521798442,0.5783746892294381,0.813171740334593,23.71732147820156,True,Irecê
4321501,0.5641025641025641,0.6924864991031837,43,Sul,68.39,62.86,39,30.75135008968163,0.5476555032226463,0.8373174949837211,37.63864991031837,True,Torres
2402204,0.6764705882352942,0.6827886835768722,24,Nordeste,50.93,37.7,34,31.721131642312784,0.5263536188342102,0.8392237483195342,19.208868357687216,True,Canguaretama
2801306,0.6571428571428571,0.6825235042888114,28,Nordeste,47.68,33.52,35,31.747649571118863,0.5283049441180497,0.836742064459573,15.932350428881136,True,Capela
4320008,0.5454545454545454,0.6799847586379983,43,Sul,65.93,59.14,121,32.00152413620017,0.5968661419355746,0.763103375340422,33.92847586379984,True,Sapucaia do Sul
2802106,0.74,0.6774574812250367,28,Nordeste,48.03,33.96,50,32.25425187749633,0.5478871475217022,0.8070278149283712,15.775748122503671,True,Estância
2704500,0.6346153846153846,0.6767342884205202,27,Nordeste,46.77,32.4,52,32.32657115794798,0.5496056746707639,0.8038629021702764,14.443428842052022,True,Maragogi
1502103,0.648,0.6707797015935182,15,Norte,52.96,40.41,125,32.92202984064818,0.5883973237691134,0.753162079417923,20.037970159351822,True,Cametá
2403251,0.6312056737588653,0.6704947771773172,24,Nordeste,55.79,44.3,141,32.95052228226828,0.5929102056450728,0.7480793487095616,22.839477717731718,True,Parnamirim
4314100,0.5196078431372549,0.667480225943815,43,Sul,65.53,58.54,102,33.251977405618504,0.5760512351516109,0.758909216736019,32.2780225943815,True,Passo Fundo
4309209,0.6524064171122995,0.6663260556105725,43,Sul,68.91,63.64,187,33.36739443894275,0.5987426902944635,0.7339094209266814,35.54260556105724,True,Gravataí
2803500,0.6333333333333333,0.6646462593824644,28,Nordeste,49.32,35.6,60,33.535374061753565,0.5451849402468779,0.7841075785180508,15.784625938246435,True,Lagarto
1505700,0.4838709677419355,0.6636086125562956,15,Norte,51.69,38.7,31,33.63913874437044,0.497285093411589,0.8299321317010021,18.050861255629556,True,Ponta de Pedras
2403608,0.7169811320754716,0.6617319839978927,24,Nordeste,58.39,48.0,53,33.82680160021073,0.5343553794566149,0.7891085885391704,24.56319839978927,True,Extremoz
1304237,0.7105263157894737,0.6530573938316101,13,Norte,56.94,45.93,38,34.69426061683899,0.5017121537174873,0.8044026339457329,22.24573938316101,True,Tonantins
1504059,0.5333333333333333,0.65244067356284,15,Norte,56.63,45.48,30,34.755932643716,0.4820364200406634,0.8228449270850166,21.874067356284,True,Mãe do Rio
1301209,0.75,0.6504323154459688,13,Norte,51.74,38.77,44,34.95676845540312,0.5095370410629364,0.7913275898290012,16.78323154459688,True,Coari
4313409,0.6157894736842106,0.6449258543756754,43,Sul,68.07,62.37,190,35.50741456243246,0.5768812505116875,0.7129704582396633,32.562585437567535,True,Novo Hamburgo
1505437,0.42105263157894735,0.6434240546357395,15,Norte,58.86,48.68,38,35.65759453642605,0.4911278989853297,0.7957202102861493,23.202405463573946,True,Ourilândia do Norte
1301902,0.5180722891566265,0.6293568797020215,13,Norte,57.21,46.31,83,37.064312029797854,0.525450194854771,0.733263564549272,20.145687970202147,True,Itacoatiara
2923001,0.6444444444444445,0.6254156770840268,29,Nordeste,64.09,56.37,45,37.45843229159732,0.4839962756217036,0.76683507854635,26.631567708402685,True,Nova Viçosa
2706901,0.5555555555555556,0.6216905050830087,27,Nordeste,50.85,37.59,54,37.83094949169913,0.49233946371162607,0.7510415464543914,13.019050508300872,True,Pilar
1508407,0.5254237288135594,0.6179213161725542,15,Norte,59.68,49.86,59,38.20786838274458,0.49393519926528107,0.7419074330798273,21.47213161725542,True,Xinguara
2412005,0.6875,0.6161974912760274,24,Nordeste,61.37,52.34,64,38.38025087239726,0.4970513581669542,0.7353436243851006,22.989749127602735,True,São Gonçalo do Amarante
1506203,0.5652173913043478,0.6107978248870006,15,Norte,55.04,43.26,46,38.92021751129994,0.46989700319744815,0.7516986465765532,16.11978248870006,True,Salinópolis
3502507,0.4594594594594595,0.6099868005787394,35,Sudeste,55.2,43.48,37,39.00131994212606,0.45282207421780485,0.767151526939674,16.198680057873943,True,Aparecida
1302504,0.5789473684210527,0.6090609710505599,13,Norte,55.57,43.99,114,39.09390289494401,0.5194856144199835,0.6986363276811363,16.47609710505599,True,Manacapuru
3513405,0.4358974358974359,0.6080225171962719,35,Sudeste,52.17,39.34,39,39.197748280372814,0.45480297542804116,0.7612420589645026,12.972251719627188,True,Cruzeiro
3304904,0.5361990950226244,0.6060340445148844,33,Sudeste,56.76,45.67,442,39.396595548511556,0.5604804350190215,0.6515876540107474,17.363404451488442,True,São Gonçalo
3305554,0.4583333333333333,0.6055175659013825,33,Sudeste,57.34,46.5,96,39.448243409861746,0.5077493561797591,0.7032857756230059,17.891756590138257,True,Seropédica
4319901,0.6,0.6049248277745803,43,Sul,74.99,72.77,60,39.50751722254196,0.4812244517018504,0.7286252038473103,35.48248277745803,True,Sapiranga
2100477,0.3333333333333333,0.604521848505395,21,Nordeste,49.66,36.04,33,39.5478151494605,0.4376948446848382,0.7713488523259519,10.1121848505395,True,Alto Alegre do Pindaré
5003702,0.45741324921135645,0.6019379765950656,50,Centro-Oeste,52.98,40.43,317,39.806202340493435,0.5480517608699323,0.655824192320199,13.173797659506562,True,Dourados
3554102,0.4729064039408867,0.6017315254799191,35,Sudeste,55.84,44.37,203,39.82684745200808,0.5343877593239893,0.669075291635849,16.013152547991922,True,Taubaté
1200500,0.3111111111111111,0.6007874817962512,12,Norte,67.71,,45,39.921251820374884,0.4576964789185801,0.7438784846739223,27.78874817962511,True,Sena Madureira
3302601,0.5510204081632653,0.5992895106776006,33,Sudeste,58.07,47.54,49,40.07104893223994,0.46207762745810255,0.7365013938970987,17.99895106776006,True,Mangaratiba
3300803,0.7,0.5957119412621935,33,Sudeste,60.17,50.58,30,40.42880587378065,0.4200979740813152,0.7713259084430718,19.741194126219355,True,Cachoeiras de Macacu
3303302,0.5161290322580645,0.5896589284197976,33,Sudeste,61.09,51.92,248,41.03410715802024,0.5284375414226407,0.6508803154169546,20.055892841979762,True,Niterói
2112100,0.5333333333333333,0.5874899426130631,21,Nordeste,54.08,41.93,30,41.25100573869369,0.41132765843627456,0.7636522267898516,12.828994261306306,True,Timbiras
3524006,0.5384615384615384,0.5842718597671852,35,Sudeste,56.2,44.88,65,41.57281402328148,0.46445675020074717,0.7040869693336232,14.627185976718522,True,Itupeva
1504802,0.6129032258064516,0.583555352551538,15,Norte,62.46,53.95,62,41.644464744846196,0.4608453691685268,0.7062653359345492,20.815535255153804,True,Monte Alegre
3522307,0.5424836601307189,0.5833398272276563,35,Sudeste,54.24,42.15,153,41.66601727723437,0.5052198397341352,0.6614598147211774,12.573982722765635,True,Itapetininga
3504008,0.4222222222222222,0.5828891890437651,35,Sudeste,55.12,43.37,90,41.71108109562349,0.4810174922222749,0.6847608858652552,13.408918904376506,True,Assis
2102325,0.647887323943662,0.5814460298870453,21,Nordeste,52.09,39.23,71,41.85539701129547,0.46669480378915573,0.6961972559849349,10.23460298870453,True,Buriticupu
2504009,0.5296167247386759,0.5813945979163538,25,Nordeste,54.42,42.4,287,41.86054020836462,0.5243186630911082,0.6384705327415995,12.559459791635383,True,Campina Grande
1720903,0.3,0.5793439375155374,17,Norte,51.39,38.31,30,42.065606248446265,0.402688400830088,0.7559994742009868,9.324393751553735,True,Taguatinga
1100130,0.4166666666666667,0.5775011509874015,11,Norte,60.73,51.4,36,42.24988490125985,0.41614184654871134,0.7388604554260917,18.48011509874015,True,Machadinho D'Oeste
1600279,0.5964912280701754,0.5768993736137488,16,Norte,52.13,39.29,57,42.310062638625126,0.44863958749449434,0.7051591597330031,9.819937361374876,True,Laranjal do Jari
5002100,0.5428571428571428,0.5752621017128321,50,Centro-Oeste,55.41,43.77,35,42.47378982871679,0.41149923285305845,0.7390249705726057,12.936210171283207,True,Bela Vista
5103254,0.1891891891891892,0.5745680154267697,51,Centro-Oeste,53.92,41.71,37,42.54319845732303,0.4152587623822824,0.7338772684712571,11.376801542676972,True,Colniza
3519709,0.42045454545454547,0.5729257672397084,35,Sudeste,56.09,44.73,88,42.707423276029154,0.4695745496485634,0.6762769848308535,13.38257672397085,True,Ibiúna
3518701,0.5851063829787234,0.5720525538694698,35,Sudeste,58.55,48.23,188,42.79474461305301,0.5013247243722173,0.6427803833667224,15.755255386946985,True,Guarujá
3541000,0.4961038961038961,0.571100495758698,35,Sudeste,60.28,50.73,385,42.8899504241302,0.5216626261989854,0.6205383653184107,17.390049575869803,True,Praia Grande
1506708,0.32558139534883723,0.570518986071192,15,Norte,62.85,54.53,43,42.9481013928808,0.4225642473829174,0.7184737247594666,19.9018986071192,True,Santana do Araguaia
1709500,0.375,0.5702882313267895,17,Norte,55.89,44.44,64,42.97117686732105,0.4490046777783775,0.6915717848752015,12.918823132678952,True,Gurupi
5007208,0.5535714285714286,0.5636743167282205,50,Centro-Oeste,52.79,40.18,56,43.63256832717794,0.4337825660921669,0.6935660673642742,9.157431672822057,True,Rio Brilhante
3552205,0.48592870544090055,0.5612680753408975,35,Sudeste,58.32,47.9,533,43.87319246591025,0.51913945315989,0.6033966975219051,14.44680753408975,True,Sorocaba
3557006,0.44554455445544555,0.5552640374943518,35,Sudeste,59.0,48.87,101,44.47359625056482,0.4583478587332226,0.6521802162554811,14.526403749435183,True,Votorantim
3305208,0.4732824427480916,0.554331880244776,33,Sudeste,63.99,56.22,131,44.566811975522405,0.4692158939750792,0.6394478665144727,19.423188024477597,True,São Pedro da Aldeia
1506187,0.2,0.5509867573414826,15,Norte,66.61,60.17,30,44.90132426585174,0.372996758861044,0.7289767558219212,21.708675734148258,True,Rondon do Pará
1508084,0.5348837209302325,0.5502518046958644,15,Norte,65.7,58.8,43,44.974819530413555,0.4015599098002358,0.698943699591493,20.725180469586448,True,Tucumã
2507507,0.4310722100656455,0.5461771223251068,25,Nordeste,57.49,46.71,457,45.382287767489316,0.5005305767775889,0.5918236678726247,12.107712232510686,True,João Pessoa
3301306,0.45652173913043476,0.5450949551310369,33,Sudeste,63.12,54.93,46,45.49050448689631,0.40119070743747676,0.688999202824597,17.629495513103684,True,Casimiro de Abreu
3516309,0.5165876777251185,0.5450671522190631,35,Sudeste,60.21,50.64,211,45.49328477809369,0.4778757821317001,0.6122585223064261,14.716715221906313,True,Francisco Morato
1506195,0.5897435897435898,0.5384354836263008,15,Norte,65.15,57.97,39,46.15645163736992,0.38197422795202596,0.6948967393005756,18.993548362630087,True,Rurópolis
3506102,0.4489795918367347,0.5363021952801561,35,Sudeste,58.87,48.69,49,46.36978047198439,0.39667168067665415,0.6759327098836581,12.500219528015606,True,Bebedouro
3513009,0.5115511551155115,0.5343979433738723,35,Sudeste,60.23,50.67,303,46.56020566261277,0.4782318016938925,0.590564085053852,13.669794337387223,True,Cotia
1506005,0.6851851851851852,0.5337878993951909,15,Norte,64.73,57.34,54,46.62121006048091,0.4007316355813235,0.6668441632090583,18.10878993951909,True,Prainha
2602001,0.5806451612903226,0.5309361532037535,26,Nordeste,56.45,45.23,31,46.906384679624644,0.35526018557062633,0.7066121208368807,9.543615320375359,True,Bodocó
1502152,0.36764705882352944,0.5295074322489004,15,Norte,67.89,62.1,136,47.04925677510996,0.44561958858267114,0.6133952759151297,20.84074322489004,True,Canaã dos Carajás
4216206,0.6129032258064516,0.5252149212379916,42,Sul,,44.54,31,47.47850787620084,0.34942568338612645,0.7010041590898568,,True,São Francisco do Sul
1502939,0.27419354838709675,0.5172310032919463,15,Norte,66.05,59.32,62,48.27689967080537,0.3928448070705729,0.6416171995133196,17.773100329194627,True,Dom Eliseu
3510500,0.5208333333333334,0.5130150671654935,35,Sudeste,62.72,54.34,144,48.69849328345065,0.43137607254268584,0.5946540617883012,14.021506716549347,True,Caraguatatuba
3533403,0.4166666666666667,0.5090203799706605,35,Sudeste,63.12,54.93,48,49.09796200293395,0.3675925848216648,0.6504481751196562,14.02203799706605,True,Nova Odessa
4307906,0.41935483870967744,0.5076013053349612,43,Sul,80.0,83.04,62,49.23986946650388,0.38315556427874453,0.6320470463911778,30.760130533496117,True,Farroupilha
3538006,0.3732394366197183,0.507289783957326,35,Sudeste,62.84,54.51,142,49.271021604267396,0.42505875190814946,0.5895208160065026,13.568978395732607,True,Pindamonhangaba
2602605,0.625,0.5068469254222866,26,Nordeste,61.79,52.96,40,49.31530745777134,0.35190984913787493,0.6617840017066983,12.47469254222866,True,Brejo da Madre de Deus
5103403,0.5333333333333333,0.5066018883506274,51,Centro-Oeste,62.45,53.94,615,49.33981116493727,0.467087919139486,0.5461158575617687,13.110188835062736,True,Cuiabá
3549102,0.35294117647058826,0.5060767406708125,35,Sudeste,62.88,54.57,68,49.392325932918745,0.38724306166494166,0.6249104196766834,13.487674067081258,True,São João da Boa Vista
2101707,0.21428571428571427,0.5033348751160012,21,Nordeste,60.01,50.35,84,49.66651248839988,0.3964104872757892,0.6102592629562131,10.343487511600117,True,Barreirinhas
3538709,0.4608150470219436,0.4991295825407466,35,Sudeste,62.99,54.74,319,50.08704174592534,0.4442601996082648,0.5539989654732284,12.902958254074662,True,Piracicaba
2609402,0.5,0.49810990240456265,26,Nordeste,62.08,53.38,44,50.18900975954374,0.35037039916233903,0.6458494056467863,11.890990240456262,True,Moreno
3553807,0.5526315789473685,0.49781834485618,35,Sudeste,61.5,52.53,38,50.21816551438201,0.3388428654951188,0.6567938242172412,11.281834485617992,True,Taquarituba
2611002,0.358974358974359,0.4949414076765222,26,Nordeste,61.05,51.87,39,50.50585923234778,0.33802384840276783,0.6518589669502766,10.544140767652216,True,Petrolândia
3518206,0.3076923076923077,0.4945259996097667,35,Sudeste,65.3,58.19,39,50.54740003902334,0.337609813612905,0.6514421856066284,14.75259996097666,True,Guararapes
5100250,0.29411764705882354,0.48806096291346296,51,Centro-Oeste,62.17,53.52,68,51.19390370865371,0.36925239122787884,0.6068695345990471,10.976096291346295,True,Alta Floresta
2602803,0.47058823529411764,0.4875278667676652,26,Nordeste,61.51,52.54,51,51.247213323233474,0.35034311776242655,0.6247126157729038,10.262786676766524,True,Buíque
3136702,0.4915254237288136,0.48572572826837335,31,Sudeste,55.31,43.63,236,51.42742717316266,0.42195916327423655,0.5494922932625101,3.8825728268373396,True,Juiz de Fora
4117602,0.5238095238095238,0.48450812224382156,41,Sul,63.61,55.66,63,51.549187775617845,0.3610990063614107,0.6079172381262324,12.060812224382154,True,Palmas
3520509,0.40444444444444444,0.4832035965284886,35,Sudeste,65.51,58.5,225,51.679640347151135,0.4179071371724391,0.5485000558845381,13.83035965284887,True,Indaiatuba
2103505,0.5263157894736842,0.4797061024099031,21,Nordeste,66.17,59.5,38,52.02938975900969,0.32086011056978714,0.638552094250019,14.140610240990313,True,Colinas
4204202,0.4587628865979381,0.4748270628335269,42,Sul,63.99,56.22,194,52.51729371664731,0.4045563907333622,0.5450977349336916,11.472706283352693,True,Chapecó
2607901,0.46624472573839665,0.4737516418589055,26,Nordeste,64.67,57.25,474,52.62483581410945,0.42880081948933046,0.5187024642284805,12.045164185890549,True,Jaboatão dos Guararapes
3550209,0.3225806451612903,0.47363283002732165,35,Sudeste,64.5,56.99,31,52.63671699726784,0.29786454290910175,0.6494011171455416,11.86328300273216,True,São Miguel Arcanjo
3537305,0.4594594594594595,0.4730245737033776,35,Sudeste,66.89,60.58,37,52.697542629662244,0.312148209473753,0.6339009379330022,14.192457370337756,True,Penápolis
3527306,0.47540983606557374,0.46580453281469963,35,Sudeste,62.92,54.63,61,53.41954671853004,0.3406221804495437,0.5909868851798556,9.500453281469959,True,Louveira
3549904,0.37372013651877134,0.4654983321213366,35,Sudeste,64.8,57.44,586,53.45016678786634,0.425111400384793,0.5058852638578802,11.34983321213366,True,São José dos Campos
5220454,0.39226519337016574,0.4639033308728295,52,Centro-Oeste,58.75,48.52,181,53.609666912717046,0.39125057648732076,0.5365560852583382,5.140333087282954,True,Senador Canedo
3548807,0.3305785123966942,0.4617970818946462,35,Sudeste,67.13,60.95,121,53.82029181053538,0.37296660321093256,0.5506275605783598,13.309708189464615,True,São Caetano do Sul
2109601,0.34782608695652173,0.46130605895791205,21,Nordeste,64.27,56.65,46,53.86939410420879,0.3172462679648372,0.6053658499509869,10.400605895791209,True,Rosário
3509254,0.4358974358974359,0.4612149709707961,35,Sudeste,65.8,58.94,39,53.87850290292039,0.3047622121630579,0.6176677297785343,11.921497097079609,True,Cajati
5100201,0.22857142857142856,0.46094551185153565,51,Centro-Oeste,65.9,59.1,35,53.90544881484644,0.29580136806850155,0.6260896556345698,11.994551185153568,True,Água Boa
4205456,0.35135135135135137,0.45980020479288075,42,Sul,65.64,58.71,37,54.01997952071193,0.29921075981736645,0.6203896497683951,11.620020479288073,True,Forquilhinha
4204608,0.39344262295081966,0.4584468875311241,42,Sul,65.88,59.07,183,54.15531124688759,0.38625380782918367,0.5306399672330646,11.724688753112403,True,Criciúma
4104253,0.45454545454545453,0.4560736067492653,41,Sul,66.39,59.84,33,54.392639325073475,0.28613711904631167,0.6260100944522189,11.997360674926526,True,Campo Magro
3525300,0.4563106796116505,0.45256831910834744,35,Sudeste,66.35,59.77,103,54.74316808916526,0.3564415164618714,0.5486951217548235,11.606831910834735,True,Jaú
3533502,0.36666666666666664,0.4494726656511567,35,Sudeste,67.53,61.56,30,55.052733434884324,0.2714658913457389,0.6274794399565744,12.477266565115677,True,Novo Horizonte
5006606,0.2606060606060606,0.44669475387741536,50,Centro-Oeste,65.01,57.76,165,55.33052461225847,0.3708366611425339,0.5225528466122968,9.679475387741533,True,Ponta Porã
3526803,0.25,0.4442506267508939,35,Sudeste,67.37,61.31,64,55.574937324910614,0.3225144663747572,0.5659867871270305,11.79506267508939,True,Lençóis Paulista
2605301,0.47058823529411764,0.44387827908004807,26,Nordeste,64.27,56.65,34,55.61217209199519,0.2768717351841945,0.6108848229759016,8.657827908004805,True,Exu
1100189,0.16981132075471697,0.4410657285812797,11,Norte,72.95,69.73,53,55.89342714187203,0.3073907376837111,0.5747407194788483,17.05657285812797,True,Pimenta Bueno
2600500,0.375,0.44030967262257814,26,Nordeste,64.88,57.56,40,55.96903273774218,0.28646619468126266,0.5941531505638936,8.910967262257813,True,Águas Belas
2609600,0.37037037037037035,0.43888423685670847,26,Nordeste,66.22,59.57,243,56.11157631432915,0.37648860879141477,0.5012798649220022,10.10842368567085,True,Olinda
2102036,0.34210526315789475,0.43869054522685175,21,Nordeste,68.89,63.61,38,56.13094547731483,0.2809132200647224,0.5964678703889811,12.759054522685169,True,Bom Jesus das Selvas
2200400,0.423728813559322,0.43251432442317306,22,Nordeste,67.77,61.91,59,56.74856755768269,0.3060966592443394,0.5589319896020067,11.021432442317305,True,Altos
3540200,0.375,0.4319789811475074,35,Sudeste,66.53,60.04,32,56.80210188524926,0.26034843148818254,0.6036095308068322,9.727898114750744,True,Pontal
2608750,0.4864864864864865,0.42765334190843524,26,Nordeste,62.99,54.74,37,57.23466580915648,0.2682377778797542,0.5870689059371162,5.75533419084352,True,Lagoa Grande
2614204,0.3684210526315789,0.42717676064192855,26,Nordeste,66.7,60.3,38,57.28232393580714,0.2698949875194125,0.5844585337644446,9.417676064192861,True,Sirinhaém
3124104,0.35294117647058826,0.4263911417489271,31,Sudeste,60.28,50.73,51,57.36088582510729,0.2906589084503233,0.562123375047531,2.9191141748927123,True,Esmeraldas
4128104,0.3277310924369748,0.4248891280499408,41,Sul,69.24,64.14,119,57.51108719500593,0.3360721098493007,0.5137061462505809,11.728912804994067,True,Umuarama
3169307,0.38181818181818183,0.4247480450451245,31,Sudeste,60.25,50.69,55,57.52519549548756,0.29411006020241337,0.5553860298878356,2.7248045045124414,True,Três Corações
4205902,0.40384615384615385,0.4228761226854153,42,Sul,,62.44,52,57.71238773145847,0.28860101702283414,0.5571512283479965,,True,Gaspar
2611606,0.47106598984771575,0.4224513784810814,26,Nordeste,68.08,62.39,985,57.754862151891864,0.3916038341015729,0.45329892286058987,10.325137848108135,True,Recife
5006200,0.31343283582089554,0.42135896890052604,50,Centro-Oeste,65.43,58.38,67,57.86410310994739,0.30312305725766775,0.5395948805433843,7.565896890052613,True,Nova Andradina
2203701,0.4,0.4186325560039099,22,Nordeste,64.5,56.99,45,58.13674439960901,0.27449018279653337,0.5627749292112865,6.363255600390993,True,Esperantina
5102637,0.34375,0.4173486275959548,51,Centro-Oeste,67.98,62.23,64,58.26513724040452,0.29653387577669366,0.538163379415216,9.714862759595484,True,Campo Novo do Parecis
4202909,0.3561643835616438,0.4156412289613368,42,Sul,72.25,68.68,73,58.43587710386632,0.302585197931503,0.5286972599911706,13.814122896133682,True,Brusque
3518305,0.1111111111111111,0.41251512942221397,35,Sudeste,69.64,64.75,36,58.7484870577786,0.25170140692795095,0.573328851916477,10.891512942221404,True,Guararema
3113404,0.3068181818181818,0.4076137898393165,31,Sudeste,59.95,50.26,88,59.23862101606835,0.30494424435024203,0.510283335328391,0.7113789839316524,True,Caratinga
2109452,0.575,0.40717727065984005,21,Nordeste,71.84,68.06,40,59.282272934016,0.25491922100153896,0.5594353203181411,12.557727065984004,True,Raposa
5221858,0.3024390243902439,0.4029691025372815,52,Centro-Oeste,64.3,56.69,205,59.70308974627186,0.3358241426818222,0.47011406239274084,4.59691025372814,True,Valparaíso de Goiás
4208302,0.2391304347826087,0.400635061148947,42,Sul,,66.9,46,59.9364938851053,0.25902396013063533,0.5422461621672586,,True,Itapema
4117503,0.3409090909090909,0.39647066135512965,41,Sul,72.12,68.48,88,60.352933864487035,0.29426629352714817,0.49867502918311113,11.76706613551297,True,Paiçandu
4106902,0.3204837490551776,0.3957653292719429,41,Sul,73.41,70.41,1323,60.42346707280571,0.3694142842719406,0.4221163742719452,12.98653292719429,True,Curitiba
3205002,0.38517179023508136,0.39300807301625057,32,Sudeste,65.88,59.07,553,60.69919269837494,0.35229951687814487,0.43371662915435627,5.180807301625059,True,Serra
3135100,0.4864864864864865,0.39282089953725824,31,Sudeste,59.53,49.64,37,60.717910046274184,0.23545489824222002,0.5501869008322965,-1.1879100462741832,True,Janaúba
3127107,0.19607843137254902,0.389432951246224,31,Sudeste,62.44,53.92,51,61.0567048753776,0.2556027865314246,0.5232631159610235,1.3832951246224,True,Frutal
3171204,0.29850746268656714,0.38769259351450563,31,Sudeste,62.54,54.07,134,61.23074064854943,0.3051967285056674,0.47018845852334384,1.3092593514505708,True,Vespasiano
3162500,0.2777777777777778,0.38381808249266064,31,Sudeste,63.59,55.63,36,61.61819175073393,0.22495535619261015,0.5426808087927111,1.9718082492660756,True,São João del Rei
3128709,0.3484848484848485,0.3814497403670068,31,Sudeste,62.12,53.45,66,61.855025963299326,0.2642598191855052,0.4986396615485084,0.26497403670067143,True,Guaxupé
2305506,0.5131578947368421,0.3748618100381863,23,Nordeste,64.21,56.55,76,62.51381899618137,0.26602573043367206,0.48369788964270055,1.696181003818623,True,Iguatu
3170404,0.358974358974359,0.37334113325814017,31,Sudeste,64.12,56.42,39,62.66588667418598,0.22153396365979866,0.5251483028564816,1.4541133258140277,True,Unaí
3149309,0.23076923076923078,0.3686134633936876,31,Sudeste,65.85,59.02,52,63.13865366063124,0.23748781316875328,0.49973911361862194,2.7113463393687525,True,Pedro Leopoldo
3171303,0.325,0.36729792131420813,31,Sudeste,68.27,62.67,40,63.270207868579185,0.2179033069389583,0.5166925356894579,4.999792131420811,True,Viçosa
5200050,0.3870967741935484,0.3671149903534286,52,Centro-Oeste,66.39,59.84,31,63.288500964657146,0.19743185192354523,0.5367981287833119,3.1014990353428544,True,Abadia de Goiás
5213806,0.35714285714285715,0.363469366746344,52,Centro-Oeste,68.01,62.28,42,63.6530633253656,0.2179988478903311,0.5089398856023569,4.3569366746344045,True,Morrinhos
2607307,0.2972972972972973,0.361039154688535,26,Nordeste,74.47,72.0,37,63.8960845311465,0.2062753192296819,0.5158029901473881,10.5739154688535,True,Ipubi
3152501,0.2465753424657534,0.35150189996239356,31,Sudeste,65.78,58.91,73,64.84981000376064,0.2419770079297211,0.461026791995066,0.9301899962393634,True,Pouso Alegre
3125101,0.3076923076923077,0.34814798343810655,31,Sudeste,64.96,57.68,78,65.18520165618935,0.24242602034878452,0.45386994652742857,-0.2252016561893555,True,Extrema
4119608,0.28125,0.3445362495737974,41,Sul,75.14,72.99,32,65.54637504262027,0.17988202330697636,0.5091904758406185,9.593624957379731,True,Pitanga
4102406,0.21212121212121213,0.3441955781502642,41,Sul,76.79,75.41,33,65.58044218497359,0.18209337588094776,0.5062977804195806,11.209557815026415,True,Bandeirantes
3205200,0.32281553398058255,0.3405877026916939,32,Sudeste,71.85,68.08,412,65.94122973083061,0.29482618010686784,0.38634922527652,5.908770269169381,True,Vila Velha
4122404,0.34831460674157305,0.3394849154583357,41,Sul,75.42,73.4,89,66.05150845416642,0.24110358780357954,0.43786624311309186,9.368491545833578,True,Rolândia
5209101,0.3235294117647059,0.32689250262521147,52,Centro-Oeste,71.92,68.19,34,67.31074973747886,0.1692180591380905,0.4845669461123324,4.609250262521144,True,Goiatuba
4104808,0.25333333333333335,0.32287044413646904,41,Sul,80.0,80.11,300,67.71295558635309,0.2699595044144317,0.3757813838585064,12.28704441364691,True,Cascavel
3169406,0.15789473684210525,0.3223243868236261,31,Sudeste,67.27,61.16,57,67.76756131763739,0.20099216377866852,0.44365660986858363,-0.4975613176373912,True,Três Pontas
2208304,0.1794871794871795,0.3211318941779982,22,Nordeste,76.95,75.64,39,67.88681058220018,0.17459121804627123,0.4676725703097252,9.06318941779982,True,Piracuruca
5008305,0.1657142857142857,0.3209765623251119,50,Centro-Oeste,73.04,69.86,175,67.9023437674888,0.2518068307688393,0.3901462938813845,5.137656232511205,True,Três Lagoas
4108403,0.22916666666666666,0.317155872468767,41,Sul,79.76,79.67,96,68.2844127531233,0.2240627445366931,0.4102490004008409,11.4755872468767,True,Francisco Beltrão
4118402,0.25925925925925924,0.3159845935567243,41,Sul,80.0,80.45,108,68.40154064432757,0.22830266579423936,0.40366652131920927,11.598459355672432,True,Paranavaí
3116605,0.12121212121212122,0.31136039924069336,31,Sudeste,67.2,61.05,33,68.86396007593066,0.15337142263069528,0.4693493758506915,-1.6639600759306603,True,Cláudio
5206206,0.3333333333333333,0.30835794702336683,52,Centro-Oeste,71.75,67.92,96,69.16420529766332,0.21597565707216332,0.40074023697457034,2.5857947023366847,True,Cristalina
5211503,0.23529411764705882,0.30577464630945156,52,Centro-Oeste,72.98,69.78,102,69.42253536905486,0.2163603512490641,0.395188941369839,3.557464630945148,True,Itumbiara
4105508,0.2,0.3055919686711132,41,Sul,79.69,79.56,90,69.44080313288868,0.21041910165358196,0.40076483568864446,10.249196867111323,True,Cianorte
1100098,0.23529411764705882,0.29746812871633355,11,Norte,80.0,85.33,34,70.25318712836665,0.14380493713230696,0.45113132030036013,9.746812871633352,True,Espigão D'Oeste
3133808,0.16071428571428573,0.2937682512730869,31,Sudeste,73.0,69.8,56,70.62317487269131,0.17446889354200396,0.4130676090041699,2.3768251273086918,True,Itaúna
3110004,0.2631578947368421,0.28603360667419003,31,Sudeste,75.47,73.48,38,71.396639332581,0.14234852171439996,0.42971869163398013,4.073360667418996,True,Caeté
3104007,0.25471698113207547,0.2816949032155406,31,Sudeste,72.32,68.79,106,71.83050967844594,0.1960607303322814,0.3673290760987997,0.489490321554058,True,Araxá
3111200,0.15,0.2814888917175709,31,Sudeste,72.79,69.49,40,71.85111082824291,0.14211756005530973,0.4208602233798321,0.9388891717570971,True,Campo Belo
2303709,0.3409090909090909,0.2750131333511383,23,Nordeste,71.16,67.04,396,72.49868666488616,0.23103363562477683,0.3189926310774998,-1.3386866648861684,True,Caucaia
5210208,0.14634146341463414,0.27340263754018135,52,Centro-Oeste,78.84,78.36,41,72.65973624598186,0.13697184516174435,0.4098334299186184,6.180263754018142,True,Iporá
3168002,0.13333333333333333,0.26266633813059115,31,Sudeste,72.65,69.28,30,73.73336618694088,0.10518478673738263,0.42014788952379967,-1.0833661869408786,True,Taiobeiras
5210406,0.19148936170212766,0.24904880752282274,52,Centro-Oeste,79.26,78.96,47,75.09511924771772,0.12540987939909726,0.3726877356465482,4.164880752282286,True,Itaberaí
3157005,0.3076923076923077,0.2480811163089544,31,Sudeste,75.15,73.01,39,75.19188836910456,0.112529057712974,0.3836331749049348,-0.04188836910455507,True,Salinas
5208608,0.1566265060240964,0.24635370460333827,52,Centro-Oeste,79.85,79.79,83,75.36462953966617,0.15365357138940766,0.3390538378172689,4.485370460333826,True,Goianésia
2603900,0.1,0.24319526149954898,26,Nordeste,80.0,91.81,30,75.6804738500451,0.08967527636715442,0.3967152466319436,4.319526149954896,True,Carnaíba
2304400,0.26360544217687076,0.2170734502953467,23,Nordeste,75.85,74.03,1764,78.29265497046534,0.1978349751812094,0.23631192540948398,-2.442654970465341,True,Fortaleza
2309607,0.13793103448275862,0.17265722697639022,23,Nordeste,80.0,85.7,58,82.73427730236098,0.07538761259953361,0.26992684135324685,-2.7342773023609794,True,Pacajus
2312403,0.13725490196078433,0.17254035663052295,23,Nordeste,80.0,81.99,102,82.74596433694771,0.09921152893688377,0.2458691843241621,-2.745964336947708,True,São Gonçalo do Amarante
2311603,0.14285714285714285,0.17098662810662804,23,Nordeste,80.0,84.99,35,82.9013371893372,0.0462529034191113,0.29572035279414477,-2.901337189337198,True,Redenção
2313401,0.1553398058252427,0.16818200185224835,23,Nordeste,80.0,84.36,103,83.18179981477516,0.09594805017943744,0.24041595352505926,-3.181799814775161,True,Tianguá
2301000,0.15306122448979592,0.1632575800322019,23,Nordeste,80.0,87.89,98,83.67424199677981,0.0900804109854708,0.23643474907893297,-3.674241996779813,True,Aquiraz
2307601,0.043478260869565216,0.16122820493892545,23,Nordeste,80.0,87.84,46,83.87717950610745,0.054956028734696113,0.2675003811431548,-3.8771795061074528,True,Limoeiro do Norte
2313302,0.05454545454545454,0.15928371048851006,23,Nordeste,80.0,87.18,55,84.071628951149,0.0625706471147675,0.2559967738622526,-4.071628951148995,True,Tauá
2302503,0.09090909090909091,0.14728914933235823,23,Nordeste,80.0,93.05,44,85.27108506676417,0.042572435544945234,0.25200586311977125,-5.271085066764172,True,Brejo Santo
2311801,0.07352941176470588,0.14728537091993424,23,Nordeste,80.0,92.93,68,85.27146290800658,0.06305217508425284,0.23151856675561563,-5.271462908006583,True,Russas
2112704,0.0,0.14608934441063606,21,Nordeste,80.0,98.85,52,85.39106555893639,0.050089642149463764,0.24208904667180836,-5.39106555893639,True,Vargem Grande
2306553,0.057692307692307696,0.1418122802285061,23,Nordeste,80.0,92.56,52,85.81877197714938,0.04699173079567816,0.23663282966133403,-5.818771977149382,True,Itarema
2201903,0.0,0.12944754104380313,22,Nordeste,80.0,99.08,33,87.05524589561968,0.014911154603500149,0.2439839274841061,-7.055245895619677,True,Bom Jesus
2302305,0.0,0.11546833101710191,23,Nordeste,80.0,95.85,30,88.45316689828981,0.0011058465591425315,0.2298308154750613,-8.453166898289808,True,Bela Cruz
2313609,0.020833333333333332,0.11111216307211307,23,Nordeste,80.0,96.98,48,88.88878369278869,0.022204389331528823,0.2000199368126973,-8.888783692788692,True,Ubajara
2304707,0.0273972602739726,0.10753512182611887,23,Nordeste,80.0,93.26,73,89.24648781738811,0.036468548695478026,0.1786016949567597,-9.246487817388115,True,Granja
2310258,0.03571428571428571,0.10228581388470011,23,Nordeste,80.0,98.24,56,89.77141861152998,0.02291902590158075,0.18165260186781945,-9.771418611529981,True,Paraipaba
2312908,0.016597510373443983,0.08096438096665297,23,Nordeste,80.0,98.74,241,91.9035619033347,0.046524572956123424,0.11540418897718252,-11.903561903334705,True,Sobral
